Chrom	Start	End	Ref	Tgt	Src	N(Variants)	U	Candidate
9	16360001	16410000	AFR+EAS	EUR	NEA,DEN	279	0	NA
9	16370001	16420000	AFR+EAS	EUR	NEA,DEN	530	0	NA
9	16380001	16430000	AFR+EAS	EUR	NEA,DEN	809	0	NA
9	16390001	16440000	AFR+EAS	EUR	NEA,DEN	1082	0	NA
9	16400001	16450000	AFR+EAS	EUR	NEA,DEN	1374	0	NA
9	16410001	16460000	AFR+EAS	EUR	NEA,DEN	1390	0	NA
9	16420001	16470000	AFR+EAS	EUR	NEA,DEN	1330	0	NA
9	16430001	16480000	AFR+EAS	EUR	NEA,DEN	1256	0	NA
9	16440001	16490000	AFR+EAS	EUR	NEA,DEN	1211	0	NA
9	16450001	16500000	AFR+EAS	EUR	NEA,DEN	1148	0	NA
9	16460001	16510000	AFR+EAS	EUR	NEA,DEN	1107	0	NA
9	16470001	16520000	AFR+EAS	EUR	NEA,DEN	1190	0	NA
9	16480001	16530000	AFR+EAS	EUR	NEA,DEN	1250	0	NA
9	16490001	16540000	AFR+EAS	EUR	NEA,DEN	1234	0	NA
9	16500001	16550000	AFR+EAS	EUR	NEA,DEN	1245	0	NA
9	16510001	16560000	AFR+EAS	EUR	NEA,DEN	1240	0	NA
9	16520001	16570000	AFR+EAS	EUR	NEA,DEN	1243	0	NA
9	16530001	16580000	AFR+EAS	EUR	NEA,DEN	1213	0	NA
9	16540001	16590000	AFR+EAS	EUR	NEA,DEN	1254	0	NA
9	16550001	16600000	AFR+EAS	EUR	NEA,DEN	1278	0	NA
9	16560001	16610000	AFR+EAS	EUR	NEA,DEN	1291	0	NA
9	16570001	16620000	AFR+EAS	EUR	NEA,DEN	1319	0	NA
9	16580001	16630000	AFR+EAS	EUR	NEA,DEN	1369	0	NA
9	16590001	16640000	AFR+EAS	EUR	NEA,DEN	1327	0	NA
9	16600001	16650000	AFR+EAS	EUR	NEA,DEN	1333	0	NA
9	16610001	16660000	AFR+EAS	EUR	NEA,DEN	1372	0	NA
9	16620001	16670000	AFR+EAS	EUR	NEA,DEN	1360	2	9:16661092,9:16661820
9	16630001	16680000	AFR+EAS	EUR	NEA,DEN	1364	3	9:16661092,9:16661820,9:16672204
9	16640001	16690000	AFR+EAS	EUR	NEA,DEN	1433	3	9:16661092,9:16661820,9:16672204
9	16650001	16700000	AFR+EAS	EUR	NEA,DEN	1401	3	9:16661092,9:16661820,9:16672204
9	16660001	16710000	AFR+EAS	EUR	NEA,DEN	1333	3	9:16661092,9:16661820,9:16672204
9	16670001	16720000	AFR+EAS	EUR	NEA,DEN	1288	1	9:16672204
9	16680001	16730000	AFR+EAS	EUR	NEA,DEN	1218	2	9:16720122,9:16729697
9	16690001	16740000	AFR+EAS	EUR	NEA,DEN	1141	3	9:16720122,9:16729697,9:16739763
9	16700001	16750000	AFR+EAS	EUR	NEA,DEN	1184	6	9:16720122,9:16729697,9:16739763,9:16743408,9:16744807,9:16749871
9	16710001	16760000	AFR+EAS	EUR	NEA,DEN	1255	7	9:16720122,9:16729697,9:16739763,9:16743408,9:16744807,9:16749871,9:16754982
9	16720001	16770000	AFR+EAS	EUR	NEA,DEN	1296	10	9:16720122,9:16729697,9:16739763,9:16743408,9:16744807,9:16749871,9:16754982,9:16765339,9:16769662,9:16769943
9	16730001	16780000	AFR+EAS	EUR	NEA,DEN	1340	8	9:16739763,9:16743408,9:16744807,9:16749871,9:16754982,9:16765339,9:16769662,9:16769943
9	16740001	16790000	AFR+EAS	EUR	NEA,DEN	1402	8	9:16743408,9:16744807,9:16749871,9:16754982,9:16765339,9:16769662,9:16769943,9:16786303
9	16750001	16800000	AFR+EAS	EUR	NEA,DEN	1364	5	9:16754982,9:16765339,9:16769662,9:16769943,9:16786303
9	16760001	16810000	AFR+EAS	EUR	NEA,DEN	1315	6	9:16765339,9:16769662,9:16769943,9:16786303,9:16802118,9:16804167
9	16770001	16820000	AFR+EAS	EUR	NEA,DEN	1255	4	9:16786303,9:16802118,9:16804167,9:16810614
9	16780001	16830000	AFR+EAS	EUR	NEA,DEN	1196	4	9:16786303,9:16802118,9:16804167,9:16810614
9	16790001	16840000	AFR+EAS	EUR	NEA,DEN	1203	4	9:16802118,9:16804167,9:16810614,9:16833797
9	16800001	16850000	AFR+EAS	EUR	NEA,DEN	1204	4	9:16802118,9:16804167,9:16810614,9:16833797
9	16810001	16860000	AFR+EAS	EUR	NEA,DEN	1166	2	9:16810614,9:16833797
9	16820001	16870000	AFR+EAS	EUR	NEA,DEN	1198	1	9:16833797
9	16830001	16880000	AFR+EAS	EUR	NEA,DEN	1195	1	9:16833797
9	16840001	16890000	AFR+EAS	EUR	NEA,DEN	1197	0	NA
9	16850001	16900000	AFR+EAS	EUR	NEA,DEN	1191	0	NA
9	16860001	16910000	AFR+EAS	EUR	NEA,DEN	974	0	NA
9	16870001	16920000	AFR+EAS	EUR	NEA,DEN	713	0	NA
9	16880001	16930000	AFR+EAS	EUR	NEA,DEN	512	0	NA
9	16890001	16940000	AFR+EAS	EUR	NEA,DEN	238	0	NA
